{"stats":{"minecraft:dropped":{"minecraft:light_blue_shulker_box":2},"minecraft:custom":{"minecraft:time_since_rest":178232,"minecraft:sprint_one_cm":33673,"minecraft:walk_one_cm":388731,"minecraft:trigger_trapped_chest":1,"minecraft:mob_kills":37,"minecraft:drop":2,"minecraft:damage_dealt":6281,"minecraft:swim_one_cm":13619,"minecraft:fly_one_cm":791855,"minecraft:play_one_minute":241320,"minecraft:crouch_one_cm":8340,"minecraft:open_shulker_box":6,"minecraft:deaths":1,"minecraft:sneak_time":5198,"minecraft:walk_under_water_one_cm":17972,"minecraft:jump":575,"minecraft:leave_game":1,"minecraft:time_since_death":178229,"minecraft:walk_on_water_one_cm":28823,"minecraft:climb_one_cm":1893},"minecraft:killed":{"minecraft:skeleton":14,"majruszs_difficulty:creeperling":1,"minecraft:zombie":10,"dungeons_mobs:sunken_skeleton":1,"minecraft:spider":1,"minecraft:bat":1,"minecraft:villager":1,"minecraft:creeper":6},"minecraft:picked_up":{"minecraft:stone":1,"minecraft:torch":1,"minecraft:stone_slab":1,"minecraft:dandelion":1,"minecraft:gravel":5,"minecraft:potion":1,"minecraft:light_blue_shulker_box":7,"minecraft:soul_torch":6,"minecraft:grass_block":3,"minecraft:gunpowder":3,"minecraft:redstone":1,"minecraft:string":1,"minecraft:sticky_piston":1,"minecraft:arrow":11,"minecraft:bone":12,"minecraft:rotten_flesh":6,"minecraft:soul_lantern":1,"minecraft:horn_coral_block":1,"minecraft:observer":1,"minecraft:end_rod":3,"minecraft:crimson_nylium":3},"minecraft:used":{"minecraft:oak_log":2,"minecraft:end_rod":4,"minecraft:water_bucket":90,"minecraft:netherite_sword":43,"minecraft:sea_lantern":8,"minecraft:light_blue_shulker_box":6,"minecraft:netherite_shovel":111,"minecraft:villager_spawn_egg":4,"immersive_paintings:painting":4,"minecraft:lantern":8,"minecraft:grass_block":197,"mutantbeasts:endersoul_hand":15,"minecraft:polished_basalt":10,"minecraft:stone_slab":184,"minecraft:spruce_trapdoor":6,"minecraft:stone":167,"minecraft:mossy_cobblestone_slab":39,"minecraft:end_stone_brick_slab":2,"minecraft:stone_brick_stairs":22,"minecraft:gravel":4,"minecraft:mossy_stone_brick_slab":30,"minecraft:crimson_nylium":20,"minecraft:soul_lantern":17,"minecraft:torch":9,"minecraft:dirt":1,"minecraft:infested_mossy_stone_bricks":88,"minecraft:red_nether_brick_slab":38,"minecraft:potion":4,"minecraft:vine":35,"armadurasdedsafio:made_in_heaven":19,"minecraft:oak_sapling":116,"immersive_paintings:glow_painting":16,"mowziesmobs:thatch_block":68,"minecraft:horn_coral_block":115,"armadurasdedsafio:bloque_de_escombros_ancestrales":67,"dungeons_mobs:yellow_trident":13,"minecraft:infested_stone_bricks":469,"minecraft:granite":12,"minecraft:splash_potion":33,"minecraft:milk_bucket":6,"minecraft:soul_torch":43}},"DataVersion":2586}