{"stats":{"minecraft:dropped":{"minecraft:light_blue_shulker_box":2},"minecraft:custom":{"minecraft:time_since_rest":142232,"minecraft:sprint_one_cm":8443,"minecraft:walk_one_cm":185739,"minecraft:trigger_trapped_chest":1,"minecraft:mob_kills":30,"minecraft:drop":2,"minecraft:damage_dealt":5268,"minecraft:swim_one_cm":13619,"minecraft:fly_one_cm":716181,"minecraft:play_one_minute":205320,"minecraft:crouch_one_cm":6790,"minecraft:open_shulker_box":6,"minecraft:deaths":1,"minecraft:sneak_time":4451,"minecraft:walk_under_water_one_cm":17972,"minecraft:jump":392,"minecraft:leave_game":1,"minecraft:time_since_death":142229,"minecraft:walk_on_water_one_cm":27527,"minecraft:climb_one_cm":1620},"minecraft:killed":{"minecraft:skeleton":11,"majruszs_difficulty:creeperling":1,"minecraft:zombie":8,"dungeons_mobs:sunken_skeleton":1,"minecraft:bat":1,"minecraft:villager":1,"minecraft:creeper":5},"minecraft:picked_up":{"minecraft:stone":1,"minecraft:stone_slab":1,"minecraft:dandelion":1,"minecraft:potion":1,"minecraft:light_blue_shulker_box":7,"minecraft:soul_torch":1,"minecraft:gunpowder":3,"minecraft:redstone":1,"minecraft:sticky_piston":1,"minecraft:arrow":10,"minecraft:bone":9,"minecraft:rotten_flesh":6,"minecraft:soul_lantern":1,"minecraft:horn_coral_block":1,"minecraft:observer":1,"minecraft:end_rod":1,"minecraft:crimson_nylium":3},"minecraft:used":{"minecraft:water_bucket":90,"minecraft:netherite_sword":43,"minecraft:sea_lantern":8,"minecraft:light_blue_shulker_box":6,"minecraft:netherite_shovel":67,"minecraft:villager_spawn_egg":4,"immersive_paintings:painting":4,"minecraft:lantern":5,"minecraft:grass_block":194,"minecraft:polished_basalt":10,"minecraft:stone_slab":139,"minecraft:stone":165,"minecraft:mossy_cobblestone_slab":39,"minecraft:end_stone_brick_slab":2,"minecraft:gravel":4,"minecraft:mossy_stone_brick_slab":23,"minecraft:crimson_nylium":20,"minecraft:soul_lantern":15,"minecraft:infested_mossy_stone_bricks":34,"minecraft:red_nether_brick_slab":38,"minecraft:potion":4,"minecraft:vine":10,"armadurasdedsafio:made_in_heaven":15,"immersive_paintings:glow_painting":16,"mowziesmobs:thatch_block":68,"minecraft:horn_coral_block":115,"armadurasdedsafio:bloque_de_escombros_ancestrales":67,"dungeons_mobs:yellow_trident":13,"minecraft:granite":12,"minecraft:splash_potion":33,"minecraft:milk_bucket":6,"minecraft:soul_torch":34}},"DataVersion":2586}