{"stats":{"minecraft:custom":{"minecraft:time_since_rest":28232,"minecraft:crouch_one_cm":1865,"minecraft:play_one_minute":91320,"minecraft:sprint_one_cm":3331,"minecraft:deaths":1,"minecraft:walk_one_cm":55875,"minecraft:sneak_time":1756,"minecraft:trigger_trapped_chest":1,"minecraft:walk_under_water_one_cm":17903,"minecraft:mob_kills":5,"minecraft:jump":132,"minecraft:damage_dealt":498,"minecraft:leave_game":1,"minecraft:walk_on_water_one_cm":4958,"minecraft:time_since_death":28229,"minecraft:climb_one_cm":973,"minecraft:swim_one_cm":13619,"minecraft:fly_one_cm":567980},"minecraft:killed":{"majruszs_difficulty:creeperling":1,"minecraft:zombie":1,"minecraft:villager":1,"dungeons_mobs:sunken_skeleton":1},"minecraft:picked_up":{"minecraft:bone":2,"minecraft:potion":1},"minecraft:used":{"minecraft:water_bucket":1,"minecraft:netherite_sword":6,"minecraft:potion":4,"minecraft:villager_spawn_egg":4,"immersive_paintings:painting":4,"minecraft:grass_block":118,"mowziesmobs:thatch_block":32,"immersive_paintings:glow_painting":16,"minecraft:stone_slab":9,"armadurasdedsafio:bloque_de_escombros_ancestrales":67,"minecraft:stone":62,"dungeons_mobs:yellow_trident":13,"minecraft:mossy_cobblestone_slab":2,"minecraft:splash_potion":16,"minecraft:gravel":1}},"DataVersion":2586}