{"stats":{"minecraft:picked_up":{"minecraft:bone":2},"minecraft:used":{"immersive_paintings:glow_painting":16,"armadurasdedsafio:bloque_de_escombros_ancestrales":67,"dungeons_mobs:yellow_trident":13,"immersive_paintings:painting":4},"minecraft:custom":{"minecraft:jump":29,"minecraft:time_since_rest":4,"minecraft:crouch_one_cm":808,"minecraft:play_one_minute":63092,"minecraft:leave_game":1,"minecraft:deaths":1,"minecraft:sprint_one_cm":59,"minecraft:walk_on_water_one_cm":1317,"minecraft:time_since_death":1,"minecraft:walk_one_cm":1265,"minecraft:sneak_time":1073,"minecraft:walk_under_water_one_cm":15706,"minecraft:mob_kills":1,"minecraft:swim_one_cm":13619,"minecraft:fly_one_cm":445810},"minecraft:killed":{"dungeons_mobs:sunken_skeleton":1}},"DataVersion":2586}