{"stats":{"minecraft:dropped":{"minecraft:light_blue_shulker_box":2},"minecraft:custom":{"minecraft:time_since_rest":130232,"minecraft:sprint_one_cm":4699,"minecraft:walk_one_cm":138747,"minecraft:trigger_trapped_chest":1,"minecraft:mob_kills":22,"minecraft:drop":2,"minecraft:damage_dealt":3748,"minecraft:swim_one_cm":13619,"minecraft:fly_one_cm":656052,"minecraft:play_one_minute":193320,"minecraft:crouch_one_cm":5732,"minecraft:open_shulker_box":6,"minecraft:deaths":1,"minecraft:sneak_time":4011,"minecraft:walk_under_water_one_cm":17972,"minecraft:jump":318,"minecraft:leave_game":1,"minecraft:time_since_death":130229,"minecraft:walk_on_water_one_cm":27081,"minecraft:climb_one_cm":1380},"minecraft:killed":{"minecraft:skeleton":9,"majruszs_difficulty:creeperling":1,"minecraft:zombie":8,"dungeons_mobs:sunken_skeleton":1,"minecraft:bat":1,"minecraft:villager":1},"minecraft:picked_up":{"minecraft:stone":1,"minecraft:stone_slab":1,"minecraft:dandelion":1,"minecraft:potion":1,"minecraft:light_blue_shulker_box":7,"minecraft:soul_torch":1,"minecraft:redstone":1,"minecraft:sticky_piston":1,"minecraft:arrow":6,"minecraft:bone":9,"minecraft:rotten_flesh":6,"minecraft:horn_coral_block":1,"minecraft:observer":1,"minecraft:end_rod":1,"minecraft:crimson_nylium":3},"minecraft:used":{"minecraft:water_bucket":89,"minecraft:netherite_sword":43,"minecraft:sea_lantern":8,"minecraft:light_blue_shulker_box":6,"minecraft:villager_spawn_egg":4,"immersive_paintings:painting":4,"minecraft:grass_block":194,"minecraft:polished_basalt":10,"minecraft:stone_slab":123,"minecraft:stone":131,"minecraft:mossy_cobblestone_slab":39,"minecraft:end_stone_brick_slab":2,"minecraft:gravel":4,"minecraft:crimson_nylium":20,"minecraft:soul_lantern":3,"minecraft:red_nether_brick_slab":38,"minecraft:potion":4,"armadurasdedsafio:made_in_heaven":1,"immersive_paintings:glow_painting":16,"mowziesmobs:thatch_block":68,"minecraft:horn_coral_block":113,"armadurasdedsafio:bloque_de_escombros_ancestrales":67,"dungeons_mobs:yellow_trident":13,"minecraft:granite":12,"minecraft:splash_potion":32,"minecraft:milk_bucket":5,"minecraft:soul_torch":13}},"DataVersion":2586}