{"stats":{"minecraft:custom":{"minecraft:time_since_rest":16232,"minecraft:crouch_one_cm":1429,"minecraft:play_one_minute":79320,"minecraft:sprint_one_cm":100,"minecraft:deaths":1,"minecraft:walk_one_cm":13175,"minecraft:sneak_time":1347,"minecraft:trigger_trapped_chest":1,"minecraft:walk_under_water_one_cm":17903,"minecraft:mob_kills":4,"minecraft:jump":65,"minecraft:damage_dealt":288,"minecraft:leave_game":1,"minecraft:walk_on_water_one_cm":1813,"minecraft:time_since_death":16229,"minecraft:climb_one_cm":865,"minecraft:swim_one_cm":13619,"minecraft:fly_one_cm":560091},"minecraft:killed":{"minecraft:zombie":1,"dungeons_mobs:sunken_skeleton":1},"minecraft:picked_up":{"minecraft:bone":2,"minecraft:potion":1},"minecraft:used":{"minecraft:netherite_sword":4,"minecraft:potion":4,"minecraft:villager_spawn_egg":3,"immersive_paintings:painting":4,"immersive_paintings:glow_painting":16,"armadurasdedsafio:bloque_de_escombros_ancestrales":67,"dungeons_mobs:yellow_trident":13}},"DataVersion":2586}