{"stats":{"minecraft:picked_up":{"minecraft:bone":2},"minecraft:used":{"immersive_paintings:glow_painting":11,"dungeons_mobs:yellow_trident":13,"immersive_paintings:painting":3},"minecraft:custom":{"minecraft:jump":21,"minecraft:time_since_rest":48030,"minecraft:crouch_one_cm":394,"minecraft:play_one_minute":48030,"minecraft:walk_on_water_one_cm":1317,"minecraft:time_since_death":48030,"minecraft:walk_one_cm":748,"minecraft:sneak_time":816,"minecraft:walk_under_water_one_cm":15706,"minecraft:mob_kills":1,"minecraft:swim_one_cm":13619,"minecraft:fly_one_cm":312877},"minecraft:killed":{"dungeons_mobs:sunken_skeleton":1}},"DataVersion":2586}