{"stats":{"minecraft:dropped":{"minecraft:light_blue_shulker_box":2},"minecraft:custom":{"minecraft:mob_kills":45,"minecraft:play_one_minute":255195,"minecraft:open_shulker_box":6,"minecraft:leave_game":2,"minecraft:time_since_death":192104,"minecraft:climb_one_cm":1893,"minecraft:time_since_rest":192107,"minecraft:sprint_one_cm":37888,"minecraft:walk_one_cm":450166,"minecraft:trigger_trapped_chest":1,"minecraft:drop":2,"minecraft:damage_dealt":7414,"minecraft:swim_one_cm":13619,"minecraft:fly_one_cm":830646,"minecraft:crouch_one_cm":8563,"minecraft:deaths":1,"minecraft:sneak_time":5279,"minecraft:walk_under_water_one_cm":17972,"minecraft:jump":617,"minecraft:walk_on_water_one_cm":28823},"minecraft:killed":{"majruszs_difficulty:creeperling":1,"minecraft:spider":1,"minecraft:bat":1,"minecraft:creeper":8,"minecraft:skeleton":16,"minecraft:zombie":10,"dungeons_mobs:sunken_skeleton":1,"minecraft:silverfish":3,"minecraft:villager":1},"minecraft:picked_up":{"minecraft:stone_slab":1,"minecraft:potion":1,"minecraft:gunpowder":4,"minecraft:string":1,"minecraft:lantern":2,"minecraft:sticky_piston":1,"minecraft:bone":14,"minecraft:horn_coral_block":1,"minecraft:observer":1,"minecraft:stone":1,"minecraft:stone_brick_slab":1,"minecraft:torch":1,"minecraft:dandelion":1,"minecraft:gravel":5,"minecraft:light_blue_shulker_box":7,"minecraft:soul_torch":6,"minecraft:grass_block":3,"minecraft:redstone":1,"minecraft:arrow":11,"minecraft:rotten_flesh":6,"minecraft:soul_lantern":1,"minecraft:end_rod":3,"minecraft:crimson_nylium":3},"minecraft:used":{"minecraft:water_bucket":90,"minecraft:netherite_sword":43,"minecraft:light_blue_shulker_box":6,"minecraft:end_rod":4,"minecraft:polished_basalt":10,"mutantbeasts:endersoul_hand":15,"minecraft:stone":190,"minecraft:end_stone_brick_slab":2,"minecraft:mossy_stone_brick_slab":30,"minecraft:oak_leaves":57,"minecraft:torch":9,"minecraft:dirt":1,"minecraft:red_nether_brick_slab":38,"minecraft:vine":36,"armadurasdedsafio:made_in_heaven":31,"minecraft:tnt":2,"mowziesmobs:thatch_block":68,"immersive_paintings:glow_painting":16,"minecraft:stone_stairs":49,"armadurasdedsafio:bloque_de_escombros_ancestrales":67,"dungeons_mobs:yellow_trident":13,"minecraft:granite":12,"minecraft:infested_stone_bricks":569,"minecraft:milk_bucket":6,"minecraft:oak_log":2,"minecraft:stone_brick_slab":2,"minecraft:sea_lantern":8,"minecraft:netherite_shovel":111,"minecraft:villager_spawn_egg":4,"immersive_paintings:painting":4,"minecraft:lantern":10,"minecraft:grass_block":197,"minecraft:stone_slab":185,"minecraft:mossy_cobblestone_slab":39,"minecraft:spruce_trapdoor":6,"minecraft:gravel":4,"minecraft:crimson_nylium":20,"minecraft:stone_brick_stairs":35,"minecraft:soul_lantern":17,"minecraft:infested_mossy_stone_bricks":88,"minecraft:potion":4,"minecraft:oak_sapling":116,"minecraft:horn_coral_block":115,"minecraft:splash_potion":33,"minecraft:soul_torch":43}},"DataVersion":2586}