{"stats":{"minecraft:picked_up":{"minecraft:bone":2},"minecraft:used":{"immersive_paintings:glow_painting":3,"dungeons_mobs:yellow_trident":13,"immersive_paintings:painting":1},"minecraft:custom":{"minecraft:jump":12,"minecraft:time_since_rest":24030,"minecraft:crouch_one_cm":12,"minecraft:play_one_minute":24030,"minecraft:walk_on_water_one_cm":1317,"minecraft:time_since_death":24030,"minecraft:walk_one_cm":455,"minecraft:sneak_time":524,"minecraft:walk_under_water_one_cm":13603,"minecraft:mob_kills":1,"minecraft:swim_one_cm":13619,"minecraft:fly_one_cm":235859},"minecraft:killed":{"dungeons_mobs:sunken_skeleton":1}},"DataVersion":2586}