{"stats":{"minecraft:picked_up":{"minecraft:bone":2},"minecraft:used":{"immersive_paintings:glow_painting":7,"dungeons_mobs:yellow_trident":13,"immersive_paintings:painting":1},"minecraft:custom":{"minecraft:jump":14,"minecraft:time_since_rest":36030,"minecraft:crouch_one_cm":197,"minecraft:play_one_minute":36030,"minecraft:walk_on_water_one_cm":1317,"minecraft:time_since_death":36030,"minecraft:walk_one_cm":696,"minecraft:sneak_time":644,"minecraft:walk_under_water_one_cm":15706,"minecraft:mob_kills":1,"minecraft:swim_one_cm":13619,"minecraft:fly_one_cm":261766},"minecraft:killed":{"dungeons_mobs:sunken_skeleton":1}},"DataVersion":2586}