{"stats":{"minecraft:picked_up":{"minecraft:bone":2},"minecraft:used":{"immersive_paintings:glow_painting":13,"armadurasdedsafio:bloque_de_escombros_ancestrales":7,"dungeons_mobs:yellow_trident":13,"immersive_paintings:painting":4},"minecraft:custom":{"minecraft:jump":29,"minecraft:time_since_rest":60030,"minecraft:crouch_one_cm":808,"minecraft:play_one_minute":60030,"minecraft:sprint_one_cm":59,"minecraft:walk_on_water_one_cm":1317,"minecraft:time_since_death":60030,"minecraft:walk_one_cm":1265,"minecraft:sneak_time":1064,"minecraft:walk_under_water_one_cm":15706,"minecraft:mob_kills":1,"minecraft:swim_one_cm":13619,"minecraft:fly_one_cm":419905},"minecraft:killed":{"dungeons_mobs:sunken_skeleton":1}},"DataVersion":2586}