{"stats":{"minecraft:dropped":{"minecraft:light_blue_shulker_box":2},"minecraft:custom":{"minecraft:time_since_rest":46232,"minecraft:sprint_one_cm":3543,"minecraft:walk_one_cm":97930,"minecraft:trigger_trapped_chest":1,"minecraft:mob_kills":5,"minecraft:drop":2,"minecraft:damage_dealt":498,"minecraft:swim_one_cm":13619,"minecraft:fly_one_cm":587455,"minecraft:play_one_minute":109320,"minecraft:crouch_one_cm":4685,"minecraft:open_shulker_box":6,"minecraft:deaths":1,"minecraft:sneak_time":3038,"minecraft:walk_under_water_one_cm":17972,"minecraft:jump":193,"minecraft:leave_game":1,"minecraft:time_since_death":46229,"minecraft:walk_on_water_one_cm":19261,"minecraft:climb_one_cm":973},"minecraft:killed":{"majruszs_difficulty:creeperling":1,"minecraft:zombie":1,"dungeons_mobs:sunken_skeleton":1,"minecraft:villager":1},"minecraft:picked_up":{"minecraft:stone_slab":1,"minecraft:dandelion":1,"minecraft:potion":1,"minecraft:light_blue_shulker_box":7,"minecraft:bone":2,"minecraft:horn_coral_block":1,"minecraft:crimson_nylium":3},"minecraft:used":{"minecraft:water_bucket":65,"minecraft:netherite_sword":6,"minecraft:light_blue_shulker_box":6,"minecraft:villager_spawn_egg":4,"immersive_paintings:painting":4,"minecraft:grass_block":171,"minecraft:stone_slab":9,"minecraft:stone":87,"minecraft:mossy_cobblestone_slab":18,"minecraft:gravel":4,"minecraft:crimson_nylium":20,"minecraft:potion":4,"immersive_paintings:glow_painting":16,"mowziesmobs:thatch_block":68,"minecraft:horn_coral_block":92,"armadurasdedsafio:bloque_de_escombros_ancestrales":67,"dungeons_mobs:yellow_trident":13,"minecraft:granite":12,"minecraft:splash_potion":24,"minecraft:milk_bucket":3}},"DataVersion":2586}