{"stats":{"minecraft:dropped":{"minecraft:light_blue_shulker_box":2,"armadurasdedsafio:made_in_heaven":1},"minecraft:killed":{"majruszs_difficulty:creeperling":1,"minecraft:spider":3,"minecraft:bat":1,"minecraft:ravager":5,"minecraft:creeper":18,"minecraft:skeleton":19,"minecraft:zombie":12,"dungeons_mobs:sunken_skeleton":1,"minecraft:silverfish":3,"minecraft:villager":1,"minecraft:enderman":1},"minecraft:custom":{"minecraft:mob_kills":68,"minecraft:play_one_minute":305204,"minecraft:open_shulker_box":7,"minecraft:leave_game":2,"minecraft:time_since_death":242113,"minecraft:climb_one_cm":3805,"minecraft:time_since_rest":242116,"minecraft:sprint_one_cm":69236,"minecraft:walk_one_cm":589879,"minecraft:trigger_trapped_chest":1,"minecraft:drop":3,"minecraft:damage_dealt":15994,"minecraft:swim_one_cm":13619,"minecraft:fly_one_cm":943162,"minecraft:crouch_one_cm":10167,"minecraft:deaths":1,"minecraft:sneak_time":6196,"minecraft:walk_under_water_one_cm":17972,"minecraft:jump":950,"minecraft:walk_on_water_one_cm":31074},"minecraft:picked_up":{"minecraft:stone_slab":1,"minecraft:potion":1,"minecraft:gunpowder":12,"minecraft:string":1,"minecraft:lantern":2,"minecraft:sticky_piston":1,"minecraft:bone":15,"minecraft:horn_coral_block":1,"minecraft:observer":1,"minecraft:stone":1,"minecraft:stone_brick_slab":1,"minecraft:torch":1,"minecraft:dandelion":1,"minecraft:gravel":5,"armadurasdedsafio:made_in_heaven":1,"minecraft:light_blue_shulker_box":7,"minecraft:soul_torch":6,"minecraft:grass_block":3,"minecraft:redstone":1,"minecraft:arrow":11,"minecraft:rotten_flesh":8,"minecraft:soul_lantern":2,"minecraft:saddle":1,"minecraft:end_rod":3,"minecraft:crimson_nylium":3},"minecraft:used":{"minecraft:water_bucket":90,"minecraft:netherite_sword":43,"minecraft:light_blue_shulker_box":6,"minecraft:end_rod":4,"minecraft:iron_bars":4,"minecraft:polished_basalt":10,"mutantbeasts:endersoul_hand":15,"minecraft:stone":226,"minecraft:end_stone_brick_slab":2,"minecraft:mossy_stone_brick_slab":30,"minecraft:oak_leaves":57,"minecraft:torch":10,"minecraft:dirt":1,"minecraft:red_nether_brick_slab":38,"minecraft:vine":38,"armadurasdedsafio:made_in_heaven":93,"minecraft:tnt":2,"mowziesmobs:thatch_block":68,"immersive_paintings:glow_painting":16,"minecraft:stone_stairs":49,"armadurasdedsafio:bloque_de_escombros_ancestrales":67,"dungeons_mobs:yellow_trident":13,"minecraft:granite":12,"minecraft:infested_stone_bricks":579,"minecraft:milk_bucket":7,"minecraft:oak_log":4,"minecraft:stone_brick_slab":4,"minecraft:ravager_spawn_egg":5,"minecraft:sea_lantern":8,"minecraft:netherite_shovel":111,"minecraft:light_gray_stained_glass":5,"minecraft:villager_spawn_egg":4,"immersive_paintings:painting":4,"minecraft:lantern":10,"minecraft:grass_block":197,"secretroomsmod:ghost_block":15,"minecraft:stone_slab":196,"minecraft:spruce_trapdoor":6,"minecraft:mossy_cobblestone_slab":39,"minecraft:gravel":12,"minecraft:stone_brick_stairs":35,"minecraft:crimson_nylium":20,"minecraft:soul_lantern":28,"minecraft:infested_mossy_stone_bricks":88,"minecraft:potion":4,"minecraft:oak_sapling":116,"minecraft:andesite":56,"minecraft:glass_pane":16,"minecraft:horn_coral_block":115,"minecraft:bone_meal":478,"minecraft:splash_potion":34,"minecraft:soul_torch":48}},"DataVersion":2586}