{"stats":{"minecraft:custom":{"minecraft:jump":31,"minecraft:time_since_rest":4232,"minecraft:play_one_minute":67320,"minecraft:crouch_one_cm":1344,"minecraft:leave_game":1,"minecraft:time_since_death":4229,"minecraft:sprint_one_cm":59,"minecraft:walk_one_cm":3061,"minecraft:walk_on_water_one_cm":1470,"minecraft:deaths":1,"minecraft:sneak_time":1166,"minecraft:trigger_trapped_chest":1,"minecraft:walk_under_water_one_cm":15706,"minecraft:mob_kills":1,"minecraft:swim_one_cm":13619,"minecraft:fly_one_cm":446245},"minecraft:killed":{"dungeons_mobs:sunken_skeleton":1},"minecraft:picked_up":{"minecraft:bone":2},"minecraft:used":{"immersive_paintings:glow_painting":16,"armadurasdedsafio:bloque_de_escombros_ancestrales":67,"dungeons_mobs:yellow_trident":13,"immersive_paintings:painting":4}},"DataVersion":2586}