{"stats":{"minecraft:killed":{"minecraft:skeleton":4,"minecraft:pig":1,"minecraft:spider":3,"minecraft:creeper":4},"minecraft:picked_up":{"minecraft:stone":1,"armadurasdedsafio:made_in_heaven":1,"minecraft:grass_block":1,"minecraft:gunpowder":2,"minecraft:spider_eye":1,"minecraft:netherite_block":1,"minecraft:arrow":4,"minecraft:bone":2,"minecraft:rotten_flesh":2,"immersive_paintings:glow_painting":1,"minecraft:oak_sapling":1},"minecraft:used":{"minecraft:oak_log":6,"minecraft:writable_book":2,"immersive_paintings:painting":3,"minecraft:grass_block":10,"minecraft:oak_sign":2,"minecraft:acacia_slab":1,"minecraft:oak_planks":10,"minecraft:stone":2,"armadurasdedsafio:espada_piedra_celestial":5,"majruszs_difficulty:wither_sword":2,"mutantbeasts:hulk_hammer":20,"minecraft:dark_oak_trapdoor":15,"minecraft:dirt":2,"immersive_paintings:glow_painting":16,"secretroomsmod:switch_probe":8,"minecraft:trapped_chest":3,"armadurasdedsafio:bloque_de_escombros_ancestrales":57},"minecraft:custom":{"minecraft:time_since_rest":28380,"minecraft:sprint_one_cm":21702,"minecraft:walk_one_cm":26480,"minecraft:trigger_trapped_chest":1,"minecraft:mob_kills":12,"minecraft:drop":18,"minecraft:damage_dealt":1830,"minecraft:fly_one_cm":319620,"minecraft:crouch_one_cm":1930,"minecraft:play_one_minute":164218,"minecraft:deaths":1,"minecraft:sneak_time":1698,"minecraft:walk_under_water_one_cm":7869,"minecraft:jump":209,"minecraft:leave_game":3,"minecraft:time_since_death":28375,"minecraft:walk_on_water_one_cm":1163},"minecraft:dropped":{"minecraft:dirt":1,"mutantbeasts:hulk_hammer":1,"minecraft:stone":2,"minecraft:gunpowder":2,"immersive_paintings:glow_painting":1,"minecraft:netherite_block":1,"minecraft:rotten_flesh":1,"minecraft:spider_eye":1,"minecraft:arrow":4,"minecraft:oak_sign":1,"minecraft:grass_block":4,"minecraft:bone":2,"armadurasdedsafio:made_in_heaven":1}},"DataVersion":2586}