{"stats":{"minecraft:custom":{"minecraft:mob_kills":103,"minecraft:play_one_minute":431676,"minecraft:open_shulker_box":3,"minecraft:pot_flower":1,"minecraft:leave_game":6,"minecraft:time_since_death":295833,"minecraft:climb_one_cm":685,"minecraft:time_since_rest":295838,"minecraft:sprint_one_cm":134263,"minecraft:walk_one_cm":412310,"minecraft:trigger_trapped_chest":1,"minecraft:drop":75,"minecraft:damage_dealt":15922,"minecraft:fly_one_cm":740746,"minecraft:crouch_one_cm":77545,"minecraft:deaths":1,"minecraft:sneak_time":25695,"minecraft:walk_under_water_one_cm":7869,"minecraft:jump":1102,"minecraft:walk_on_water_one_cm":8854},"minecraft:dropped":{"minecraft:gravel":2,"minecraft:crimson_nylium":3,"mutantbeasts:hulk_hammer":1,"minecraft:cobblestone_wall":1,"immersive_paintings:glow_painting":1,"minecraft:netherite_sword":1,"minecraft:sticky_piston":1,"minecraft:horn_coral_block":2,"minecraft:cobblestone":152,"minecraft:rotten_flesh":4,"minecraft:observer":1,"minecraft:infested_mossy_stone_bricks":10,"minecraft:granite":14,"minecraft:stone_slab":1,"secretroomsmod:ghost_block":1,"minecraft:mossy_cobblestone_wall":1,"minecraft:glass_pane":1,"minecraft:oak_sign":1,"minecraft:infested_stone_bricks":2,"minecraft:grass_block":5,"minecraft:end_rod":1,"minecraft:dirt":1,"minecraft:stone":4,"minecraft:flower_pot":1,"minecraft:gunpowder":7,"minecraft:mossy_stone_brick_wall":1,"minecraft:diorite":15,"minecraft:spruce_trapdoor":3,"minecraft:netherite_block":1,"minecraft:stone_brick_wall":1,"minecraft:potion":2,"minecraft:chain":1,"minecraft:spider_eye":1,"minecraft:iron_bars":1,"minecraft:arrow":4,"minecraft:string":1,"minecraft:redstone":1,"minecraft:infested_cobblestone":1,"minecraft:dandelion":2,"minecraft:infested_cracked_stone_bricks":1,"minecraft:bone":2,"armadurasdedsafio:made_in_heaven":1},"minecraft:killed":{"minecraft:pig":1,"minecraft:witch":1,"minecraft:spider":6,"minecraft:bat":9,"minecraft:creeper":20,"minecraft:skeleton":13,"minecraft:zombie":30,"minecraft:silverfish":11,"minecraft:villager":8},"minecraft:picked_up":{"minecraft:flower_pot":1,"minecraft:andesite":69,"minecraft:stone_brick_wall":1,"minecraft:infested_cobblestone":1,"minecraft:potion":1,"minecraft:cobblestone_wall":1,"minecraft:gunpowder":18,"minecraft:dirt":6,"minecraft:string":3,"minecraft:bone":3,"minecraft:glass_pane":1,"minecraft:netherite_sword":1,"minecraft:iron_ore":15,"minecraft:horn_coral_block":1,"minecraft:mossy_cobblestone_wall":1,"minecraft:mossy_stone_brick_wall":1,"immersive_paintings:glow_painting":1,"minecraft:spruce_trapdoor":3,"minecraft:infested_mossy_stone_bricks":10,"minecraft:stone":1,"minecraft:dandelion":1,"minecraft:gravel":5,"armadurasdedsafio:made_in_heaven":1,"minecraft:diorite":43,"minecraft:grass_block":2,"minecraft:gold_ore":1,"minecraft:spider_eye":1,"minecraft:netherite_block":1,"minecraft:infested_stone_bricks":2,"minecraft:arrow":7,"minecraft:rotten_flesh":15,"minecraft:lever":14,"minecraft:granite":15,"minecraft:end_rod":1,"minecraft:oak_sapling":1,"minecraft:iron_bars":1,"minecraft:infested_cracked_stone_bricks":1,"minecraft:coal":18,"minecraft:cobblestone":726},"minecraft:used":{"minecraft:purpur_block":37,"minecraft:water_bucket":14,"minecraft:netherite_sword":192,"minecraft:end_rod":23,"minecraft:writable_book":2,"minecraft:prismarine_brick_slab":5,"minecraft:flint_and_steel":20,"minecraft:redstone":4,"minecraft:blackstone_stairs":2,"minecraft:lime_wool":2,"minecraft:oak_planks":10,"minecraft:oak_sign":2,"minecraft:polished_basalt":47,"minecraft:stone":2689,"minecraft:purpur_pillar":35,"armadurasdedsafio:espada_piedra_celestial":5,"minecraft:oak_leaves":42,"minecraft:dark_oak_trapdoor":15,"minecraft:dirt":2,"minecraft:purpur_stairs":38,"minecraft:vine":190,"minecraft:tnt":147,"minecraft:dark_prismarine_slab":4,"minecraft:stone_brick_wall":35,"minecraft:cobblestone_wall":4,"minecraft:shulker_box":7,"immersive_paintings:glow_painting":16,"mowziesmobs:thatch_block":13,"secretroomsmod:switch_probe":8,"armadurasdedsafio:bloque_de_escombros_ancestrales":57,"minecraft:infested_stone_bricks":125,"minecraft:granite":2,"minecraft:spruce_log":12,"minecraft:creeper_spawn_egg":2,"minecraft:shroomlight":93,"minecraft:oak_log":16,"minecraft:lever":16,"minecraft:sticky_piston":1,"minecraft:piston":6,"minecraft:stone_brick_slab":24,"minecraft:flower_pot":1,"minecraft:villager_spawn_egg":10,"minecraft:dark_oak_log":15,"immersive_paintings:painting":3,"minecraft:grass_block":67,"secretroomsmod:ghost_block":30,"minecraft:acacia_slab":1,"minecraft:stone_slab":168,"minecraft:polished_blackstone_brick_stairs":5,"minecraft:spruce_trapdoor":3,"minecraft:gravel":159,"minecraft:stone_brick_stairs":60,"majruszs_difficulty:wither_sword":2,"mutantbeasts:hulk_hammer":20,"minecraft:infested_mossy_stone_bricks":26,"minecraft:lime_concrete":2,"minecraft:cobblestone":64,"minecraft:potion":17,"minecraft:white_stained_glass":11,"minecraft:andesite":12,"minecraft:infested_cobblestone":12,"minecraft:mossy_cobblestone_wall":1,"minecraft:trapped_chest":3,"minecraft:observer":6,"minecraft:mossy_stone_brick_wall":10,"minecraft:bone_meal":35}},"DataVersion":2586}