{"stats":{"minecraft:killed":{"minecraft:skeleton":4,"minecraft:pig":1,"minecraft:silverfish":3,"minecraft:spider":3,"minecraft:creeper":4},"minecraft:picked_up":{"minecraft:stone":1,"minecraft:andesite":12,"minecraft:gravel":1,"armadurasdedsafio:made_in_heaven":1,"minecraft:diorite":15,"minecraft:grass_block":1,"minecraft:gunpowder":2,"minecraft:spider_eye":1,"minecraft:dirt":6,"minecraft:netherite_block":1,"minecraft:arrow":4,"minecraft:bone":2,"minecraft:rotten_flesh":2,"minecraft:granite":1,"immersive_paintings:glow_painting":1,"minecraft:oak_sapling":1,"minecraft:coal":1,"minecraft:cobblestone":175},"minecraft:used":{"minecraft:shroomlight":2,"minecraft:oak_log":16,"minecraft:writable_book":2,"minecraft:flint_and_steel":8,"immersive_paintings:painting":3,"minecraft:grass_block":41,"minecraft:lime_wool":2,"minecraft:oak_sign":2,"minecraft:acacia_slab":1,"minecraft:oak_planks":10,"minecraft:stone":952,"minecraft:cobblestone":4,"armadurasdedsafio:espada_piedra_celestial":5,"majruszs_difficulty:wither_sword":2,"minecraft:oak_leaves":42,"mutantbeasts:hulk_hammer":20,"minecraft:potion":2,"minecraft:dark_oak_trapdoor":15,"minecraft:dirt":2,"minecraft:lime_concrete":2,"minecraft:vine":190,"minecraft:tnt":54,"minecraft:white_stained_glass":11,"minecraft:andesite":1,"immersive_paintings:glow_painting":16,"secretroomsmod:switch_probe":8,"minecraft:trapped_chest":3,"armadurasdedsafio:bloque_de_escombros_ancestrales":57,"minecraft:granite":1,"minecraft:bone_meal":35},"minecraft:custom":{"minecraft:time_since_rest":58061,"minecraft:sprint_one_cm":22589,"minecraft:walk_one_cm":83295,"minecraft:trigger_trapped_chest":1,"minecraft:mob_kills":15,"minecraft:drop":19,"minecraft:damage_dealt":1830,"minecraft:fly_one_cm":345429,"minecraft:crouch_one_cm":41598,"minecraft:play_one_minute":193899,"minecraft:deaths":1,"minecraft:sneak_time":13241,"minecraft:walk_under_water_one_cm":7869,"minecraft:jump":340,"minecraft:leave_game":4,"minecraft:time_since_death":58056,"minecraft:walk_on_water_one_cm":1163,"minecraft:climb_one_cm":234},"minecraft:dropped":{"minecraft:dirt":1,"mutantbeasts:hulk_hammer":1,"minecraft:stone":2,"minecraft:gunpowder":2,"immersive_paintings:glow_painting":1,"minecraft:netherite_block":1,"minecraft:rotten_flesh":1,"minecraft:spider_eye":1,"minecraft:granite":1,"minecraft:arrow":4,"minecraft:oak_sign":1,"minecraft:grass_block":4,"minecraft:bone":2,"armadurasdedsafio:made_in_heaven":1}},"DataVersion":2586}