{"stats":{"minecraft:picked_up":{"immersive_paintings:glow_painting":1},"minecraft:used":{"minecraft:acacia_slab":1,"immersive_paintings:glow_painting":2,"armadurasdedsafio:bloque_de_escombros_ancestrales":10,"immersive_paintings:painting":2},"minecraft:custom":{"minecraft:jump":1,"minecraft:time_since_rest":108780,"minecraft:play_one_minute":108780,"minecraft:leave_game":2,"minecraft:walk_on_water_one_cm":112,"minecraft:time_since_death":108780,"minecraft:walk_one_cm":152,"minecraft:sneak_time":294,"minecraft:walk_under_water_one_cm":2191,"minecraft:fly_one_cm":60743}},"DataVersion":2586}