{"stats":{"minecraft:picked_up":{"minecraft:rotten_flesh":1,"immersive_paintings:glow_painting":1},"minecraft:used":{"minecraft:acacia_slab":1,"immersive_paintings:glow_painting":11,"armadurasdedsafio:bloque_de_escombros_ancestrales":57,"immersive_paintings:painting":3,"minecraft:grass_block":3},"minecraft:custom":{"minecraft:jump":66,"minecraft:time_since_rest":4380,"minecraft:damage_dealt":393,"minecraft:crouch_one_cm":249,"minecraft:play_one_minute":140218,"minecraft:sprint_one_cm":2144,"minecraft:leave_game":3,"minecraft:walk_one_cm":4505,"minecraft:time_since_death":4375,"minecraft:walk_on_water_one_cm":802,"minecraft:deaths":1,"minecraft:sneak_time":538,"minecraft:walk_under_water_one_cm":2191,"minecraft:drop":3,"minecraft:fly_one_cm":182750},"minecraft:dropped":{"minecraft:grass_block":2,"minecraft:rotten_flesh":1}},"DataVersion":2586}