{"stats":{"minecraft:custom":{"minecraft:jump":40,"minecraft:deaths":1,"minecraft:time_since_rest":280,"minecraft:damage_taken":240,"minecraft:crouch_one_cm":1457,"minecraft:play_one_minute":6971,"minecraft:leave_game":2,"minecraft:sprint_one_cm":2518,"minecraft:time_since_death":1,"minecraft:walk_on_water_one_cm":265,"minecraft:walk_one_cm":4069,"minecraft:sneak_time":601,"minecraft:drop":2,"minecraft:fall_one_cm":209,"minecraft:fly_one_cm":23039},"minecraft:picked_up":{"minecraft:wheat_seeds":2},"minecraft:mined":{"minecraft:grass":2},"minecraft:dropped":{"minecraft:wheat_seeds":2},"minecraft:used":{"minecraft:ender_eye":26,"minecraft:end_portal_frame":26,"minecraft:dirt":1}},"DataVersion":2586}