{"stats":{"minecraft:custom":{"minecraft:mob_kills":29,"minecraft:play_one_minute":227676,"minecraft:open_shulker_box":2,"minecraft:leave_game":6,"minecraft:time_since_death":91833,"minecraft:climb_one_cm":663,"minecraft:time_since_rest":91838,"minecraft:sprint_one_cm":31936,"minecraft:walk_one_cm":148409,"minecraft:trigger_trapped_chest":1,"minecraft:drop":50,"minecraft:damage_dealt":4425,"minecraft:fly_one_cm":536567,"minecraft:crouch_one_cm":45036,"minecraft:deaths":1,"minecraft:sneak_time":15229,"minecraft:walk_under_water_one_cm":7869,"minecraft:jump":482,"minecraft:walk_on_water_one_cm":5630},"minecraft:dropped":{"minecraft:gravel":2,"mutantbeasts:hulk_hammer":1,"minecraft:cobblestone_wall":1,"immersive_paintings:glow_painting":1,"minecraft:cobblestone":152,"minecraft:rotten_flesh":1,"minecraft:infested_mossy_stone_bricks":10,"minecraft:granite":14,"minecraft:mossy_cobblestone_wall":1,"minecraft:glass_pane":1,"minecraft:oak_sign":1,"minecraft:infested_stone_bricks":2,"minecraft:grass_block":4,"minecraft:dirt":1,"minecraft:stone":2,"minecraft:gunpowder":2,"minecraft:mossy_stone_brick_wall":1,"minecraft:diorite":15,"minecraft:netherite_block":1,"minecraft:stone_brick_wall":1,"minecraft:potion":2,"minecraft:chain":1,"minecraft:spider_eye":1,"minecraft:iron_bars":1,"minecraft:arrow":4,"minecraft:infested_cobblestone":1,"minecraft:infested_cracked_stone_bricks":1,"minecraft:bone":2,"armadurasdedsafio:made_in_heaven":1},"minecraft:killed":{"minecraft:pig":1,"minecraft:spider":4,"minecraft:creeper":4,"minecraft:skeleton":5,"minecraft:zombie":3,"minecraft:silverfish":3,"minecraft:villager":8},"minecraft:picked_up":{"minecraft:andesite":30,"minecraft:stone_brick_wall":1,"minecraft:infested_cobblestone":1,"minecraft:potion":1,"minecraft:cobblestone_wall":1,"minecraft:gunpowder":2,"minecraft:dirt":6,"minecraft:string":2,"minecraft:bone":2,"minecraft:glass_pane":1,"minecraft:mossy_cobblestone_wall":1,"minecraft:mossy_stone_brick_wall":1,"immersive_paintings:glow_painting":1,"minecraft:infested_mossy_stone_bricks":10,"minecraft:stone":1,"minecraft:gravel":4,"armadurasdedsafio:made_in_heaven":1,"minecraft:diorite":15,"minecraft:grass_block":1,"minecraft:spider_eye":1,"minecraft:netherite_block":1,"minecraft:infested_stone_bricks":2,"minecraft:arrow":4,"minecraft:rotten_flesh":6,"minecraft:granite":13,"minecraft:oak_sapling":1,"minecraft:iron_bars":1,"minecraft:infested_cracked_stone_bricks":1,"minecraft:coal":1,"minecraft:cobblestone":296},"minecraft:used":{"minecraft:water_bucket":14,"minecraft:netherite_sword":34,"minecraft:writable_book":2,"minecraft:prismarine_brick_slab":5,"minecraft:flint_and_steel":16,"minecraft:lime_wool":2,"minecraft:oak_planks":10,"minecraft:oak_sign":2,"minecraft:stone":1102,"minecraft:purpur_pillar":4,"armadurasdedsafio:espada_piedra_celestial":5,"minecraft:oak_leaves":42,"minecraft:dark_oak_trapdoor":15,"minecraft:dirt":2,"minecraft:vine":190,"minecraft:tnt":63,"minecraft:dark_prismarine_slab":4,"minecraft:shulker_box":5,"immersive_paintings:glow_painting":16,"mowziesmobs:thatch_block":1,"secretroomsmod:switch_probe":8,"armadurasdedsafio:bloque_de_escombros_ancestrales":57,"minecraft:infested_stone_bricks":2,"minecraft:granite":2,"minecraft:shroomlight":18,"minecraft:oak_log":16,"minecraft:villager_spawn_egg":10,"immersive_paintings:painting":3,"minecraft:grass_block":66,"minecraft:acacia_slab":1,"minecraft:stone_slab":42,"minecraft:gravel":29,"majruszs_difficulty:wither_sword":2,"mutantbeasts:hulk_hammer":20,"minecraft:infested_mossy_stone_bricks":4,"minecraft:lime_concrete":2,"minecraft:cobblestone":6,"minecraft:potion":6,"minecraft:white_stained_glass":11,"minecraft:andesite":1,"minecraft:trapped_chest":3,"minecraft:bone_meal":35}},"DataVersion":2586}