{"stats":{"minecraft:killed":{"minecraft:skeleton":4,"minecraft:spider":3,"minecraft:creeper":3},"minecraft:picked_up":{"armadurasdedsafio:made_in_heaven":1,"minecraft:grass_block":1,"minecraft:spider_eye":1,"minecraft:netherite_block":1,"minecraft:arrow":4,"minecraft:bone":2,"minecraft:rotten_flesh":2,"immersive_paintings:glow_painting":1,"minecraft:oak_sapling":1},"minecraft:used":{"minecraft:oak_log":6,"minecraft:writable_book":2,"immersive_paintings:painting":3,"minecraft:grass_block":3,"minecraft:oak_sign":1,"minecraft:acacia_slab":1,"minecraft:oak_planks":10,"armadurasdedsafio:espada_piedra_celestial":5,"mutantbeasts:hulk_hammer":20,"minecraft:dark_oak_trapdoor":15,"immersive_paintings:glow_painting":15,"minecraft:trapped_chest":3,"armadurasdedsafio:bloque_de_escombros_ancestrales":57},"minecraft:custom":{"minecraft:time_since_rest":16380,"minecraft:sprint_one_cm":12684,"minecraft:walk_one_cm":19550,"minecraft:trigger_trapped_chest":1,"minecraft:mob_kills":10,"minecraft:drop":12,"minecraft:damage_dealt":1560,"minecraft:fly_one_cm":195040,"minecraft:crouch_one_cm":1734,"minecraft:play_one_minute":152218,"minecraft:deaths":1,"minecraft:sneak_time":1319,"minecraft:walk_under_water_one_cm":2191,"minecraft:jump":140,"minecraft:leave_game":3,"minecraft:time_since_death":16375,"minecraft:walk_on_water_one_cm":802},"minecraft:dropped":{"mutantbeasts:hulk_hammer":1,"immersive_paintings:glow_painting":1,"minecraft:netherite_block":1,"minecraft:rotten_flesh":1,"minecraft:spider_eye":1,"minecraft:arrow":4,"minecraft:oak_sign":1,"minecraft:grass_block":3,"minecraft:bone":2,"armadurasdedsafio:made_in_heaven":1}},"DataVersion":2586}