{"stats":{"minecraft:picked_up":{"minecraft:flower_pot":1,"minecraft:stone_brick_wall":1,"minecraft:infested_cobblestone":1,"minecraft:potion":1,"minecraft:string":6,"minecraft:glass_pane":1,"minecraft:netherite_sword":1,"minecraft:horn_coral_block":1,"minecraft:mossy_cobblestone_wall":1,"immersive_paintings:glow_painting":1,"minecraft:spruce_trapdoor":3,"minecraft:infested_mossy_stone_bricks":10,"minecraft:stone":1,"armadurasdedsafio:made_in_heaven":1,"minecraft:diorite":43,"minecraft:arrow":12,"minecraft:rotten_flesh":20,"minecraft:end_rod":5,"minecraft:totem_of_undying":11,"minecraft:cobblestone":836,"minecraft:infested_cracked_stone_bricks":1,"minecraft:iron_bars":1,"minecraft:andesite":135,"minecraft:cobblestone_wall":1,"minecraft:gunpowder":18,"minecraft:dirt":6,"minecraft:bone":4,"minecraft:iron_ore":26,"minecraft:glowstone_dust":2,"minecraft:mossy_stone_brick_wall":1,"minecraft:dandelion":1,"minecraft:gravel":71,"minecraft:grass_block":2,"minecraft:gold_ore":5,"minecraft:spider_eye":1,"minecraft:netherite_block":1,"minecraft:infested_stone_bricks":2,"minecraft:lever":14,"minecraft:granite":39,"minecraft:oak_sapling":1,"minecraft:coal":37},"minecraft:dropped":{"minecraft:crimson_nylium":3,"mutantbeasts:hulk_hammer":1,"immersive_paintings:glow_painting":1,"minecraft:horn_coral_block":2,"minecraft:cobblestone":152,"minecraft:observer":1,"minecraft:granite":14,"minecraft:mossy_cobblestone_wall":1,"minecraft:grass_block":5,"minecraft:end_rod":4,"minecraft:dirt":1,"minecraft:diorite":15,"minecraft:potion":2,"minecraft:chain":1,"minecraft:string":1,"minecraft:dandelion":2,"minecraft:infested_cracked_stone_bricks":1,"minecraft:bone":3,"minecraft:redstone":1,"armadurasdedsafio:made_in_heaven":1,"minecraft:gravel":2,"minecraft:cobblestone_wall":1,"minecraft:sticky_piston":1,"minecraft:netherite_sword":1,"mutantbeasts:mutant_skeleton_shoulder_pad":1,"minecraft:rotten_flesh":4,"minecraft:enchanted_golden_apple":50,"minecraft:infested_mossy_stone_bricks":10,"minecraft:stone_slab":1,"secretroomsmod:ghost_block":1,"minecraft:totem_of_undying":13,"minecraft:oak_sign":1,"minecraft:glass_pane":1,"minecraft:infested_stone_bricks":2,"minecraft:stone":4,"minecraft:flower_pot":1,"minecraft:gunpowder":7,"minecraft:mossy_stone_brick_wall":1,"minecraft:spruce_trapdoor":3,"minecraft:netherite_block":1,"minecraft:stone_brick_wall":1,"minecraft:spider_eye":1,"minecraft:iron_bars":1,"minecraft:arrow":4,"minecraft:infested_cobblestone":1},"minecraft:used":{"minecraft:purpur_block":37,"minecraft:netherite_sword":221,"minecraft:writable_book":3,"minecraft:flint_and_steel":21,"minecraft:redstone":4,"minecraft:oak_sign":2,"minecraft:polished_basalt":47,"minecraft:stone":3152,"armadurasdedsafio:espada_piedra_celestial":5,"minecraft:dirt":2,"minecraft:cobblestone_wall":4,"minecraft:shulker_box":8,"secretroomsmod:switch_probe":8,"minecraft:granite":2,"minecraft:shroomlight":93,"minecraft:stone_brick_slab":24,"minecraft:wooden_axe":6,"minecraft:lava_bucket":2,"minecraft:villager_spawn_egg":10,"immersive_paintings:painting":3,"minecraft:grass_block":67,"secretroomsmod:ghost_block":30,"minecraft:acacia_slab":1,"minecraft:polished_blackstone_brick_stairs":5,"minecraft:totem_of_undying":4,"minecraft:stone_brick_stairs":60,"majruszs_difficulty:wither_sword":2,"minecraft:glowstone":79,"minecraft:infested_mossy_stone_bricks":26,"minecraft:lime_concrete":2,"minecraft:infested_cobblestone":12,"minecraft:trapped_chest":3,"minecraft:observer":6,"minecraft:mossy_stone_brick_wall":10,"minecraft:enchanted_golden_apple":16,"minecraft:water_bucket":14,"minecraft:end_rod":25,"minecraft:prismarine_brick_slab":5,"minecraft:blackstone_stairs":2,"minecraft:lime_wool":2,"minecraft:oak_planks":10,"minecraft:purpur_pillar":35,"minecraft:oak_leaves":42,"minecraft:dark_oak_trapdoor":15,"minecraft:purpur_stairs":38,"minecraft:vine":190,"minecraft:tnt":223,"minecraft:dark_prismarine_slab":4,"immersive_paintings:glow_painting":16,"mowziesmobs:thatch_block":13,"armadurasdedsafio:bloque_de_escombros_ancestrales":57,"minecraft:stone_brick_wall":35,"minecraft:infested_stone_bricks":125,"minecraft:spruce_log":12,"minecraft:creeper_spawn_egg":2,"minecraft:oak_log":16,"minecraft:sticky_piston":1,"minecraft:piston":6,"minecraft:flower_pot":1,"minecraft:lever":16,"minecraft:dark_oak_log":15,"minecraft:stone_slab":168,"minecraft:spruce_trapdoor":3,"minecraft:gravel":169,"majruszs_difficulty:end_sword":83,"mutantbeasts:hulk_hammer":20,"minecraft:cobblestone":125,"minecraft:potion":20,"minecraft:white_stained_glass":11,"minecraft:andesite":80,"minecraft:bucket":1,"minecraft:mossy_cobblestone_wall":1,"minecraft:bone_meal":35},"minecraft:custom":{"minecraft:mob_kills":150,"minecraft:open_shulker_box":4,"minecraft:leave_game":7,"minecraft:time_since_death":385499,"minecraft:climb_one_cm":1570,"minecraft:damage_resisted":560,"minecraft:sprint_one_cm":268238,"minecraft:walk_one_cm":516552,"minecraft:drop":143,"minecraft:deaths":1,"minecraft:sneak_time":27107,"minecraft:walk_under_water_one_cm":7869,"minecraft:jump":1675,"minecraft:walk_on_water_one_cm":9248,"minecraft:play_one_minute":521342,"minecraft:pot_flower":1,"minecraft:time_since_rest":385504,"minecraft:damage_taken":880,"minecraft:damage_absorbed":1680,"minecraft:trigger_trapped_chest":1,"minecraft:damage_dealt":25646,"minecraft:fly_one_cm":872781,"minecraft:crouch_one_cm":80447},"minecraft:killed":{"minecraft:witch":2,"minecraft:spider":14,"minecraft:skeleton":26,"minecraft:silverfish":11,"minecraft:pig":1,"minecraft:bat":13,"minecraft:creeper":25,"mutantbeasts:mutant_skeleton":1,"minecraft:zombie":44,"minecraft:villager":8,"minecraft:enderman":1}},"DataVersion":2586}