{"stats":{"minecraft:picked_up":{"immersive_paintings:glow_painting":1},"minecraft:used":{"minecraft:acacia_slab":1,"immersive_paintings:glow_painting":8,"armadurasdedsafio:bloque_de_escombros_ancestrales":43,"immersive_paintings:painting":2},"minecraft:custom":{"minecraft:jump":3,"minecraft:time_since_rest":120780,"minecraft:crouch_one_cm":249,"minecraft:play_one_minute":120780,"minecraft:leave_game":2,"minecraft:walk_on_water_one_cm":112,"minecraft:time_since_death":120780,"minecraft:walk_one_cm":424,"minecraft:sneak_time":395,"minecraft:walk_under_water_one_cm":2191,"minecraft:fly_one_cm":87648}},"DataVersion":2586}