{"stats":{"minecraft:picked_up":{"immersive_paintings:glow_painting":1},"minecraft:used":{"minecraft:acacia_slab":1,"immersive_paintings:glow_painting":11,"armadurasdedsafio:bloque_de_escombros_ancestrales":57,"immersive_paintings:painting":3},"minecraft:custom":{"minecraft:jump":7,"minecraft:time_since_rest":6,"minecraft:crouch_one_cm":249,"minecraft:play_one_minute":135844,"minecraft:leave_game":3,"minecraft:deaths":1,"minecraft:walk_on_water_one_cm":112,"minecraft:time_since_death":1,"minecraft:walk_one_cm":688,"minecraft:sneak_time":538,"minecraft:walk_under_water_one_cm":2191,"minecraft:fly_one_cm":162528}},"DataVersion":2586}