{
  "dungeons_arise:wda_root": {
    "criteria": {
      "WDA": "2024-11-06 05:22:59 +0000"
    },
    "done": true
  },
  "mowziesmobs:root": {
    "criteria": {
      "custom_test_name": "2024-11-06 05:22:59 +0000"
    },
    "done": true
  },
  "majruszs_difficulty:progressive_difficulty/normal_mode": {
    "criteria": {
      "game_state": "2024-11-06 05:22:59 +0000"
    },
    "done": true
  },
  "minecraft:adventure/adventuring_time": {
    "criteria": {
      "minecraft:forest": "2024-11-06 05:22:59 +0000"
    },
    "done": false
  },
  "DataVersion": 2586
}